timestamp,Ax,Ay,Az
0.0,0.07158013,0.01234478,-0.05474591
0.02,0.07639506,0.02809672,-0.04007161
0.04,0.05721749,0.04226443,-0.02702617
0.06,0.03888548,0.02890822,-0.03384288
0.08,0.02638587,0.0005272965,-0.04252982
0.1,0.02383227,0.006157403,-0.0375083
0.12,0.02452864,0.0004178576,-0.04307401
0.14,0.02920133,-0.01315389,-0.06237022
0.16,0.06331654,0.02354719,-0.07369398
0.18,0.1018921,0.08034585,-0.07308539
0.2,0.1105015,0.1075024,-0.06045674
0.22,0.08553253,0.07265976,-0.05578843
0.24,0.05897596,0.01878874,-0.06256734
0.26,0.07077128,0.01328938,-0.06265379
0.28,0.07282015,0.01885337,-0.06173403
0.3,0.04418138,0.010594,-0.05815058
0.32,0.03803665,0.01038631,-0.0536392
0.34,0.05954503,0.02782312,-0.04977524
0.36,0.09129915,0.05709849,-0.04246521
0.38,0.1026922,0.05452101,-0.03318171
0.4,0.09353922,0.0173817,-0.01412451
0.42,0.09152437,-0.02344591,-0.004450253
0.44,0.07035597,-0.04852346,-0.006084994
0.46,0.041001,-0.03808621,0.0002253464
0.48,0.03389413,-0.03084768,-0.001557999
0.5,0.04139033,-0.03634811,-0.005749938
0.52,0.05731712,-0.02483068,-0.004581392
0.54,0.05832749,-0.02103643,-0.004239442
0.56,0.05289496,-0.01223988,0.002274897
0.58,0.05484481,0.01162027,0.006739901
0.6,0.05133572,0.01425135,0.006694819
0.62,0.05296836,0.005286507,0.001959208
0.64,0.05312012,0.002472252,-0.005143856
0.66,0.04986578,0.00489678,-0.002221689
0.68,0.050561,0.009131897,-0.0001728702
0.7000000000000001,0.04810514,0.01277672,-0.002380522
0.72,0.04872935,0.01678191,-0.0007768603
0.74,0.04700414,0.01454539,-0.003176053
0.76,0.04432421,0.01505808,-0.009159516
0.78,0.04587668,0.01796883,-0.01012431
0.8,0.04642705,0.01126747,-0.007849488
0.8200000000000001,0.05055485,0.00609832,-0.007889721
0.84,0.04942857,0.003816664,-0.005794372
0.86,0.04622741,-0.003120405,0.001088102
0.88,0.04983659,-0.01096003,0.00674193
0.9,0.0514755,-0.01292943,0.01212103
0.92,0.05183804,-0.01310529,0.01427326
0.9400000000000001,0.04441654,-0.01830753,0.009887732
0.96,0.03219345,-0.0177036,0.006330758
0.98,0.03124856,-0.01484902,0.001472928
1.0,0.03171974,-0.01456292,0.0005750456
1.02,0.02921368,-0.00880552,0.01009429
1.04,0.03417313,-0.007785039,0.012664
1.06,0.04051404,-0.006622911,0.01125931
1.08,0.03964241,-0.002074411,0.01390777
1.1,0.03401387,-0.005138774,0.0123476
1.12,0.03016105,-0.004830771,0.01439013
1.1400000000000001,0.03178398,-0.004809428,0.01578792
1.16,0.03277415,-0.007941441,0.01259902
1.18,0.02915491,-0.003937558,0.0131745
1.2,0.024512,-0.003288373,0.01265407
1.22,0.02018165,-0.005422657,0.01359291
1.24,0.01925491,-0.005336063,0.01405515
1.26,0.01963494,-0.006792006,0.01399869
1.28,0.0156496,-0.006531037,0.02014112
1.3,0.01383371,-0.006148563,0.02309726
1.32,0.01697466,-0.005525715,0.01981134
1.34,0.01848694,-0.005932475,0.01355865
1.36,0.01684518,-0.007897049,0.009530929
1.3800000000000001,0.01555253,-0.006638043,0.009571281
1.4000000000000001,0.01837697,-0.006542024,0.01141857
1.42,0.02058656,-0.006521346,0.01635743
1.44,0.01674352,-0.004830362,0.01488128
1.46,0.009802577,-0.006031376,0.0130676
1.48,0.003605478,-0.007476941,0.01761251
1.5,0.00449541,-0.007823836,0.01612028
1.52,0.009846225,-0.004350808,0.01217849
1.54,0.01051154,0.002565475,0.008146784
1.56,0.009155978,0.004256648,0.007620237
1.58,0.007345438,0.00233492,0.0134563
1.6,0.00572982,0.002043981,0.01420811
1.62,0.005424371,0.000882523,0.01354766
1.6400000000000001,0.00207039,-0.003123718,0.01358972
1.6600000000000001,-0.0003181739,-0.007159986,0.01215226
1.68,0.002083112,-0.007007174,0.01102941
1.7,0.004111914,-0.004332835,0.007496732
1.72,0.002478547,-0.002970816,0.008256642
1.74,0.0001527032,-0.001760673,0.01011379
1.76,0.0008897136,-0.002198169,0.007538699
1.78,0.002917236,-0.006232836,0.006241108
1.8,0.00509841,-0.009169491,0.004352772
1.82,0.003802864,-0.009150517,0.00507601
1.84,-0.0005986974,-0.007090407,0.006715774
1.86,-0.0009641371,-0.002113424,0.004016595
1.8800000000000001,-0.001529568,0.002257531,0.004295722
1.9000000000000001,-0.002313164,-0.0003049118,0.007437089
1.92,-0.001123639,-0.005178316,0.009236457
1.94,-0.001241804,-0.003402079,0.006638299
1.96,0.001933685,-0.002963863,0.002767212
1.98,0.004141708,-0.005168247,0.006102553
2.0,0.003194138,-0.00220877,0.008805612
2.02,0.003182414,-0.002594639,0.007182412
2.04,0.0002981662,-0.004091268,0.006842821
2.06,-0.00255847,-0.002965417,0.003620867
2.08,-0.004707271,-0.005744647,0.0003663674
2.1,-0.006295626,-0.006064681,0.002875837
2.12,-0.005636552,-0.005484902,0.005667308
2.14,-0.004874834,-0.006663069,0.006145216
2.16,-0.001428583,-0.005403872,0.01033118
2.18,-0.0006787397,-0.005261352,0.01442825
2.2,-0.004512501,-0.003078354,0.005488015
2.22,-0.00764136,0.0008360239,-0.004732324
2.24,-0.01148018,0.001082074,-0.000347221
2.2600000000000002,-0.01182332,0.0005347997,0.003271796
2.2800000000000002,-0.009357739,0.0002024417,0.001379415
2.3000000000000003,-0.008287708,0.0001099309,0.003562043
2.32,-0.006356289,0.0005830585,0.002019745
2.34,-0.003482636,0.0001457628,-0.001210661
2.36,-0.0009825012,-0.001293307,1.283432e-05
2.38,-0.002245966,-0.002567011,-0.001130939
2.4,-0.003921277,-0.002245598,-0.00154201
2.42,-0.003139715,-0.001761156,0.0002390331
2.44,-0.004160407,-0.002885002,0.0007028821
2.46,-0.004518383,-0.003571166,0.0004637022
2.48,-0.004883585,-0.002805407,-0.0005819345
2.5,-0.005556357,-0.001884909,0.002379679
2.52,-0.004911931,-0.0005008896,0.004019181
2.54,-0.00774748,0.0007275221,-0.001619248
0.0,0.0156496,-0.006531037,0.02014112
0.02,0.01383371,-0.006148563,0.02309726
0.04,0.01697466,-0.005525715,0.01981134
0.06,0.01848694,-0.005932475,0.01355865
0.08,0.01684518,-0.007897049,0.009530929
0.1,0.01555253,-0.006638043,0.009571281
0.12,0.01837697,-0.006542024,0.01141857
0.14,0.02058656,-0.006521346,0.01635743
0.16,0.01674352,-0.004830362,0.01488128
0.18,0.009802577,-0.006031376,0.0130676
0.2,0.003605478,-0.007476941,0.01761251
0.22,0.00449541,-0.007823836,0.01612028
0.24,0.009846225,-0.004350808,0.01217849
0.26,0.01051154,0.002565475,0.008146784
0.28,0.009155978,0.004256648,0.007620237
0.3,0.007345438,0.00233492,0.0134563
0.32,0.00572982,0.002043981,0.01420811
0.34,0.005424371,0.000882523,0.01354766
0.36,0.00207039,-0.003123718,0.01358972
0.38,-0.0003181739,-0.007159986,0.01215226
0.4,0.002083112,-0.007007174,0.01102941
0.42,0.004111914,-0.004332835,0.007496732
0.44,0.002478547,-0.002970816,0.008256642
0.46,0.0001527032,-0.001760673,0.01011379
0.48,0.0008897136,-0.002198169,0.007538699
0.5,0.002917236,-0.006232836,0.006241108
0.52,0.00509841,-0.009169491,0.004352772
0.54,0.003802864,-0.009150517,0.00507601
0.56,-0.0005986974,-0.007090407,0.006715774
0.58,-0.0009641371,-0.002113424,0.004016595
0.6,-0.001529568,0.002257531,0.004295722
0.62,-0.002313164,-0.0003049118,0.007437089
0.64,-0.001123639,-0.005178316,0.009236457
0.66,-0.001241804,-0.003402079,0.006638299
0.68,0.001933685,-0.002963863,0.002767212
0.7000000000000001,0.004141708,-0.005168247,0.006102553
0.72,0.003194138,-0.00220877,0.008805612
0.74,0.003182414,-0.002594639,0.007182412
0.76,0.0002981662,-0.004091268,0.006842821
0.78,-0.00255847,-0.002965417,0.003620867
0.8,-0.004707271,-0.005744647,0.0003663674
0.8200000000000001,-0.006295626,-0.006064681,0.002875837
0.84,-0.005636552,-0.005484902,0.005667308
0.86,-0.004874834,-0.006663069,0.006145216
0.88,-0.001428583,-0.005403872,0.01033118
0.9,-0.0006787397,-0.005261352,0.01442825
0.92,-0.004512501,-0.003078354,0.005488015
0.9400000000000001,-0.00764136,0.0008360239,-0.004732324
0.96,-0.01148018,0.001082074,-0.000347221
0.98,-0.01182332,0.0005347997,0.003271796
1.0,-0.009357739,0.0002024417,0.001379415
1.02,-0.008287708,0.0001099309,0.003562043
1.04,-0.006356289,0.0005830585,0.002019745
1.06,-0.003482636,0.0001457628,-0.001210661
1.08,-0.0009825012,-0.001293307,1.283432e-05
1.1,-0.002245966,-0.002567011,-0.001130939
1.12,-0.003921277,-0.002245598,-0.00154201
1.1400000000000001,-0.003139715,-0.001761156,0.0002390331
1.16,-0.004160407,-0.002885002,0.0007028821
1.18,-0.004518383,-0.003571166,0.0004637022
1.2,-0.004883585,-0.002805407,-0.0005819345
1.22,-0.005556357,-0.001884909,0.002379679
1.24,-0.004911931,-0.0005008896,0.004019181
1.26,-0.00774748,0.0007275221,-0.001619248
1.28,-0.01006666,0.001614114,-0.005283524
1.3,-0.008494947,0.003090783,-0.004730759
1.32,-0.006716887,0.001844098,-0.002938364
1.34,-0.004751302,-0.001922512,-0.001141186
1.36,-0.004185505,-0.003039835,0.001433343
1.3800000000000001,-0.004733799,-0.001584605,0.00366393
1.4000000000000001,-0.004480828,-0.0005142541,0.00218382
1.42,-0.004290179,-0.001136421,0.002380224
1.44,-0.004295587,-0.001935344,0.004403922
1.46,-0.004246332,-0.001342206,0.005073008
1.48,-0.004008417,0.0001819776,0.004854857
1.5,-0.004557328,0.003903537,0.002768759
1.52,-0.006600007,0.006795563,0.002849715
1.54,-0.007952459,0.00296431,0.003305458
1.56,-0.00468208,-0.002569559,0.001122626
1.58,-0.0009162869,-0.003585511,-0.0001172689
1.6,-0.004609437,-0.004574028,-0.001574564
1.62,-0.007929374,-0.005090893,-0.00246043
1.6400000000000001,-0.005450452,-0.001247816,0.002110738
1.6600000000000001,-0.005277293,0.0006646104,0.008833872
1.68,-0.005289239,0.0002046776,0.007221713
1.7,-0.002654825,0.00120232,0.001004126
1.72,-0.002390567,-0.0001031419,0.0008462477
1.74,-0.002326056,-0.00254398,0.0007221763
1.76,0.00036112,-0.003126714,-0.002138913
1.78,0.002443939,-0.001381429,-0.002557311
1.8,0.001363699,0.0005972918,-0.003652805
1.82,-0.0001530464,-0.001145125,-0.004055819
1.84,0.0006210624,-0.0022224,0.0004157505
1.86,-0.0006545875,-0.0008189778,0.002038332
1.8800000000000001,-0.003616104,0.0004541863,-0.001870932
1.9000000000000001,-0.003203289,0.002651478,-0.002331555
1.92,-0.001987481,0.003302978,0.0005119119
1.94,-0.0002944897,0.002031138,0.002454868
1.96,0.002269293,0.0009879396,0.002312779
1.98,0.001085605,-0.0007246357,-0.001155335
2.0,-0.0004100438,-0.002151956,-0.002479012
2.02,0.001652728,-0.002628669,-0.001330738
2.04,0.002507518,-0.001848143,-0.0008280385
2.06,0.001241742,0.0009684933,0.001193706
2.08,-0.0002841702,0.002232132,0.000814089
2.1,-0.001717932,0.0009948274,-0.001143016
2.12,-0.0006001772,-0.000343872,-0.0004592127
2.14,0.0006936866,-0.004436583,-0.0001152357
2.16,0.0002767307,-0.007406992,0.000662692
2.18,0.002184538,-0.001655525,0.0007320607
2.2,0.002465953,0.004421127,-0.0009355819
2.22,-0.0003662995,0.003212444,-0.001075142
2.24,3.387846e-05,0.002711506,-0.001836008
2.2600000000000002,0.001346671,0.003543323,-0.002134842
2.2800000000000002,0.001632463,0.0003080778,0.0006905939
2.3000000000000003,0.001773188,-0.001541915,0.004600959
2.32,0.0005516326,-0.001883482,0.009243405
2.34,0.0002176249,-0.00328762,0.0116366
2.36,0.0003091753,-0.001961173,0.006197603
2.38,-0.0006062798,-0.0006113733,-0.002857254
2.4,-0.001874157,0.0003451419,-0.004562487
2.42,-0.002342942,0.0008623678,-0.005065814
2.44,-0.0001674482,-0.0004694334,-0.01210736
2.46,0.00137406,0.0004667197,-0.0117479
2.48,0.001376547,0.000491254,-0.001938369
2.5,0.004148181,-0.0002936218,0.004193654
2.52,0.00718548,0.0007216801,0.002822962
2.54,0.005060266,-0.0003500037,0.0008472138
0.0,-0.01006666,0.001614114,-0.005283524
0.02,-0.008494947,0.003090783,-0.004730759
0.04,-0.006716887,0.001844098,-0.002938364
0.06,-0.004751302,-0.001922512,-0.001141186
0.08,-0.004185505,-0.003039835,0.001433343
0.1,-0.004733799,-0.001584605,0.00366393
0.12,-0.004480828,-0.0005142541,0.00218382
0.14,-0.004290179,-0.001136421,0.002380224
0.16,-0.004295587,-0.001935344,0.004403922
0.18,-0.004246332,-0.001342206,0.005073008
0.2,-0.004008417,0.0001819776,0.004854857
0.22,-0.004557328,0.003903537,0.002768759
0.24,-0.006600007,0.006795563,0.002849715
0.26,-0.007952459,0.00296431,0.003305458
0.28,-0.00468208,-0.002569559,0.001122626
0.3,-0.0009162869,-0.003585511,-0.0001172689
0.32,-0.004609437,-0.004574028,-0.001574564
0.34,-0.007929374,-0.005090893,-0.00246043
0.36,-0.005450452,-0.001247816,0.002110738
0.38,-0.005277293,0.0006646104,0.008833872
0.4,-0.005289239,0.0002046776,0.007221713
0.42,-0.002654825,0.00120232,0.001004126
0.44,-0.002390567,-0.0001031419,0.0008462477
0.46,-0.002326056,-0.00254398,0.0007221763
0.48,0.00036112,-0.003126714,-0.002138913
0.5,0.002443939,-0.001381429,-0.002557311
0.52,0.001363699,0.0005972918,-0.003652805
0.54,-0.0001530464,-0.001145125,-0.004055819
0.56,0.0006210624,-0.0022224,0.0004157505
0.58,-0.0006545875,-0.0008189778,0.002038332
0.6,-0.003616104,0.0004541863,-0.001870932
0.62,-0.003203289,0.002651478,-0.002331555
0.64,-0.001987481,0.003302978,0.0005119119
0.66,-0.0002944897,0.002031138,0.002454868
0.68,0.002269293,0.0009879396,0.002312779
0.7000000000000001,0.001085605,-0.0007246357,-0.001155335
0.72,-0.0004100438,-0.002151956,-0.002479012
0.74,0.001652728,-0.002628669,-0.001330738
0.76,0.002507518,-0.001848143,-0.0008280385
0.78,0.001241742,0.0009684933,0.001193706
0.8,-0.0002841702,0.002232132,0.000814089
0.8200000000000001,-0.001717932,0.0009948274,-0.001143016
0.84,-0.0006001772,-0.000343872,-0.0004592127
0.86,0.0006936866,-0.004436583,-0.0001152357
0.88,0.0002767307,-0.007406992,0.000662692
0.9,0.002184538,-0.001655525,0.0007320607
0.92,0.002465953,0.004421127,-0.0009355819
0.9400000000000001,-0.0003662995,0.003212444,-0.001075142
0.96,3.387846e-05,0.002711506,-0.001836008
0.98,0.001346671,0.003543323,-0.002134842
1.0,0.001632463,0.0003080778,0.0006905939
1.02,0.001773188,-0.001541915,0.004600959
1.04,0.0005516326,-0.001883482,0.009243405
1.06,0.0002176249,-0.00328762,0.0116366
1.08,0.0003091753,-0.001961173,0.006197603
1.1,-0.0006062798,-0.0006113733,-0.002857254
1.12,-0.001874157,0.0003451419,-0.004562487
1.1400000000000001,-0.002342942,0.0008623678,-0.005065814
1.16,-0.0001674482,-0.0004694334,-0.01210736
1.18,0.00137406,0.0004667197,-0.0117479
1.2,0.001376547,0.000491254,-0.001938369
1.22,0.004148181,-0.0002936218,0.004193654
1.24,0.00718548,0.0007216801,0.002822962
1.26,0.005060266,-0.0003500037,0.0008472138
1.28,0.002143225,-0.001614631,0.006156181
1.3,0.003009443,-0.002077965,0.008267086
1.32,-0.0001780558,0.0004837735,0.00216984
1.34,-0.00521967,0.004615143,-0.0008716979
1.36,-0.002088369,0.002096149,-0.0007583838
1.3800000000000001,0.001298575,-0.000704934,-0.000411537
1.4000000000000001,0.0008928014,-0.0001735404,-0.0009306688
1.42,0.002284713,-0.0017363,-0.000141252
1.44,0.003471038,-0.002270947,0.002574848
1.46,0.003397358,-0.002282443,0.002978728
1.48,0.001261377,-0.003184532,0.005384037
1.5,-0.001559189,-0.003280097,0.006838757
1.52,-0.0005416769,-0.00502819,0.004716917
1.54,0.0002311396,-0.005417308,0.004441476
1.56,-0.001100164,-0.002188901,0.00367097
1.58,-0.001226273,-0.0003741282,0.002815992
1.6,-0.001890228,-0.0007687386,0.001333136
1.62,-0.001881884,-0.0004267633,-0.0008382524
1.6400000000000001,0.0005332723,0.001393611,-0.0003550193
1.6600000000000001,0.002224073,0.001375772,7.689283e-05
1.68,0.00264571,-0.0003941882,2.432356e-06
1.7,0.002435694,0.0003009662,0.0003581124
1.72,0.00293737,0.0006860051,0.000464022
1.74,0.004198834,-0.0002334921,-0.001511348
1.76,0.003270897,-0.0001776867,-0.003903458
1.78,0.001556731,-0.0006076649,-0.002695334
1.8,0.0005912129,-0.0005121144,-0.001107015
1.82,0.0002566903,-0.0009860763,-0.001179062
1.84,0.0005021624,-0.002477487,-0.00361613
1.86,-8.09374e-05,-0.001976312,-0.005388189
1.8800000000000001,0.0006947623,-0.0004645734,-0.0006739412
1.9000000000000001,0.001408588,0.001714297,0.003406613
1.92,0.0005085023,0.002348979,0.001035359
1.94,0.002601362,0.0003846524,-0.001198962
1.96,0.004295398,0.0002339171,-0.0009647668
1.98,0.002845377,0.0009576115,-0.003196721
2.0,0.00154689,0.002070403,-0.006343797
2.02,0.0005341115,0.003595922,-0.007951848
2.04,0.002098272,0.0006723812,-0.009151829
2.06,0.004338179,-0.004952038,-0.006205472
2.08,0.003272739,-0.00735777,-0.0009184243
2.1,0.002858822,-0.004688914,0.003980695
2.12,0.002927903,-0.001468723,0.005188982
2.14,-0.0006227175,-0.001700683,0.0002609545
2.16,-0.004456495,4.595258e-05,-0.001270537
2.18,-0.003378446,0.00296941,-0.003071401
2.2,0.001626758,0.0009500307,-0.002410541
2.22,0.00607352,-0.001401877,0.005781864
2.24,0.006779556,-0.001630583,0.003041272
2.2600000000000002,0.005311516,-0.002103972,-0.0006101215
2.2800000000000002,0.005705336,-0.0005847776,0.00185957
2.3000000000000003,0.005857029,0.001632319,-0.0008670462
2.32,0.003233055,0.001365711,0.001483913
2.34,0.0003582903,0.001126226,0.001479618
2.36,-0.002440303,0.001722324,-0.003076634
2.38,-0.004016763,0.001909536,-0.002920243
2.4,-0.00307211,0.002137058,-0.004568627
2.42,-0.0016546,0.001115905,-0.002957629
2.44,-0.000751398,0.0001860437,0.0003871596
2.46,-0.0004470391,0.0006973977,0.002199158
2.48,0.0006834035,-0.000347465,0.003904627
2.5,0.001082162,-0.001803984,0.00229685
2.52,-0.0007130815,-0.001582218,0.002916189
2.54,-0.0003760301,-0.001132892,9.347187e-05
0.0,0.002143225,-0.001614631,0.006156181
0.02,0.003009443,-0.002077965,0.008267086
0.04,-0.0001780558,0.0004837735,0.00216984
0.06,-0.00521967,0.004615143,-0.0008716979
0.08,-0.002088369,0.002096149,-0.0007583838
0.1,0.001298575,-0.000704934,-0.000411537
0.12,0.0008928014,-0.0001735404,-0.0009306688
0.14,0.002284713,-0.0017363,-0.000141252
0.16,0.003471038,-0.002270947,0.002574848
0.18,0.003397358,-0.002282443,0.002978728
0.2,0.001261377,-0.003184532,0.005384037
0.22,-0.001559189,-0.003280097,0.006838757
0.24,-0.0005416769,-0.00502819,0.004716917
0.26,0.0002311396,-0.005417308,0.004441476
0.28,-0.001100164,-0.002188901,0.00367097
0.3,-0.001226273,-0.0003741282,0.002815992
0.32,-0.001890228,-0.0007687386,0.001333136
0.34,-0.001881884,-0.0004267633,-0.0008382524
0.36,0.0005332723,0.001393611,-0.0003550193
0.38,0.002224073,0.001375772,7.689283e-05
0.4,0.00264571,-0.0003941882,2.432356e-06
0.42,0.002435694,0.0003009662,0.0003581124
0.44,0.00293737,0.0006860051,0.000464022
0.46,0.004198834,-0.0002334921,-0.001511348
0.48,0.003270897,-0.0001776867,-0.003903458
0.5,0.001556731,-0.0006076649,-0.002695334
0.52,0.0005912129,-0.0005121144,-0.001107015
0.54,0.0002566903,-0.0009860763,-0.001179062
0.56,0.0005021624,-0.002477487,-0.00361613
0.58,-8.09374e-05,-0.001976312,-0.005388189
0.6,0.0006947623,-0.0004645734,-0.0006739412
0.62,0.001408588,0.001714297,0.003406613
0.64,0.0005085023,0.002348979,0.001035359
0.66,0.002601362,0.0003846524,-0.001198962
0.68,0.004295398,0.0002339171,-0.0009647668
0.7000000000000001,0.002845377,0.0009576115,-0.003196721
0.72,0.00154689,0.002070403,-0.006343797
0.74,0.0005341115,0.003595922,-0.007951848
0.76,0.002098272,0.0006723812,-0.009151829
0.78,0.004338179,-0.004952038,-0.006205472
0.8,0.003272739,-0.00735777,-0.0009184243
0.8200000000000001,0.002858822,-0.004688914,0.003980695
0.84,0.002927903,-0.001468723,0.005188982
0.86,-0.0006227175,-0.001700683,0.0002609545
0.88,-0.004456495,4.595258e-05,-0.001270537
0.9,-0.003378446,0.00296941,-0.003071401
0.92,0.001626758,0.0009500307,-0.002410541
0.9400000000000001,0.00607352,-0.001401877,0.005781864
0.96,0.006779556,-0.001630583,0.003041272
0.98,0.005311516,-0.002103972,-0.0006101215
1.0,0.005705336,-0.0005847776,0.00185957
1.02,0.005857029,0.001632319,-0.0008670462
1.04,0.003233055,0.001365711,0.001483913
1.06,0.0003582903,0.001126226,0.001479618
1.08,-0.002440303,0.001722324,-0.003076634
1.1,-0.004016763,0.001909536,-0.002920243
1.12,-0.00307211,0.002137058,-0.004568627
1.1400000000000001,-0.0016546,0.001115905,-0.002957629
1.16,-0.000751398,0.0001860437,0.0003871596
1.18,-0.0004470391,0.0006973977,0.002199158
1.2,0.0006834035,-0.000347465,0.003904627
1.22,0.001082162,-0.001803984,0.00229685
1.24,-0.0007130815,-0.001582218,0.002916189
1.26,-0.0003760301,-0.001132892,9.347187e-05
1.28,0.0002988232,-0.001154398,-0.004168957
1.3,-0.0009786929,-0.0008411898,-0.0009127424
1.32,-0.001757223,-3.650367e-05,-0.0004162977
1.34,-0.002605189,-0.000272893,-0.002234397
1.36,-0.001872049,-0.000970077,-0.002325611
1.3800000000000001,-0.001017975,-0.002071974,-0.002137858
1.4000000000000001,-0.002276374,-0.002733991,-0.00010535
1.42,-0.001422421,-0.001426175,0.0008563578
1.44,0.0006900666,-0.00252489,0.001306206
1.46,0.00284526,-0.005160527,0.00303311
1.48,0.004535539,-0.005487539,0.003861104
1.5,0.002586188,-0.002352502,-0.002620342
1.52,0.001582552,0.002598397,-0.01046782
1.54,0.001984241,0.0004744676,-0.004632762
1.56,-0.001482796,-0.002428135,0.001013906
1.58,-0.004503086,0.0007145991,-0.002739545
1.6,-0.003615774,0.0003499517,-3.124783e-05
1.62,-0.002724134,0.0004306388,0.00398359
1.6400000000000001,-0.00277719,0.001825136,0.001557013
1.6600000000000001,0.000845709,0.0001066275,0.001627055
1.68,0.00532599,0.0007577583,0.002870445
1.7,0.003727446,-0.0005734522,0.002608335
1.72,0.002315561,-0.00332847,0.003615361
1.74,0.002988462,-0.002979647,0.002712247
1.76,-0.0001014986,-0.00374476,0.0005125389
1.78,-0.00165884,-0.003899867,0.0006126782
1.8,-0.000285819,-0.00328835,0.0006786441
1.82,-0.001216085,-0.001505045,-0.0002217384
1.84,-0.003605127,0.001675223,-0.001365045
1.86,-0.005542717,0.001128009,-0.002934302
1.8800000000000001,-0.00530234,0.001130346,-0.003221702
1.9000000000000001,-0.003584339,0.003801658,-0.003062778
1.92,-0.001600895,0.003968091,-0.005625008
1.94,0.00172609,0.00193658,-0.007514526
1.96,0.002332366,0.0005069159,-0.005232953
1.98,0.001143243,0.002168037,-0.003940548
2.0,0.002268965,0.00425835,-0.00364403
2.02,-4.379257e-05,0.004754445,-0.002526806
2.04,-0.003698593,0.005496019,-0.003841213
2.06,-0.003449955,0.004465391,-0.002981432
2.08,-0.002801265,0.003392276,0.0001947782
2.1,-0.002099906,0.004100708,0.00188465
2.12,-0.003708195,0.004188932,0.002485705
2.14,-0.005825918,0.00457263,-0.001706341
2.16,-0.00287442,0.004056741,-0.004168146
2.18,0.001479509,0.0002120221,0.0001119339
2.2,0.004361109,-0.002467139,0.003690546
2.22,0.002790185,0.0009370704,0.003919164
2.24,-0.001056174,0.003658351,0.0006796515
2.2600000000000002,-0.0006106838,-0.0004112217,-0.001364184
2.2800000000000002,0.0003409792,-0.002992024,-0.0002572297
2.3000000000000003,0.0007312338,-0.001291513,-0.0002228129
2.32,0.001146997,-0.00134241,-0.0005754222
2.34,0.0002714618,-0.00182284,-0.001335992
2.36,0.00109633,-0.0002584515,-0.001891758
2.38,0.001813036,0.001484745,-0.001758092
2.4,0.001896891,0.001390088,-0.001661854
2.42,0.001718104,0.0001543881,-0.001876666
2.44,0.0003215976,0.0008066048,-0.003647153
2.46,0.001647779,0.001766885,-0.004097865
2.48,0.002920656,0.0006862133,-0.0009986928
2.5,0.00150491,0.001040573,0.002328166
2.52,0.0004647436,0.00236242,0.0007835059
2.54,-0.0009608317,0.002100131,-0.001553335
0.0,0.0002988232,-0.001154398,-0.004168957
0.02,-0.0009786929,-0.0008411898,-0.0009127424
0.04,-0.001757223,-3.650367e-05,-0.0004162977
0.06,-0.002605189,-0.000272893,-0.002234397
0.08,-0.001872049,-0.000970077,-0.002325611
0.1,-0.001017975,-0.002071974,-0.002137858
0.12,-0.002276374,-0.002733991,-0.00010535
0.14,-0.001422421,-0.001426175,0.0008563578
0.16,0.0006900666,-0.00252489,0.001306206
0.18,0.00284526,-0.005160527,0.00303311
0.2,0.004535539,-0.005487539,0.003861104
0.22,0.002586188,-0.002352502,-0.002620342
0.24,0.001582552,0.002598397,-0.01046782
0.26,0.001984241,0.0004744676,-0.004632762
0.28,-0.001482796,-0.002428135,0.001013906
0.3,-0.004503086,0.0007145991,-0.002739545
0.32,-0.003615774,0.0003499517,-3.124783e-05
0.34,-0.002724134,0.0004306388,0.00398359
0.36,-0.00277719,0.001825136,0.001557013
0.38,0.000845709,0.0001066275,0.001627055
0.4,0.00532599,0.0007577583,0.002870445
0.42,0.003727446,-0.0005734522,0.002608335
0.44,0.002315561,-0.00332847,0.003615361
0.46,0.002988462,-0.002979647,0.002712247
0.48,-0.0001014986,-0.00374476,0.0005125389
0.5,-0.00165884,-0.003899867,0.0006126782
0.52,-0.000285819,-0.00328835,0.0006786441
0.54,-0.001216085,-0.001505045,-0.0002217384
0.56,-0.003605127,0.001675223,-0.001365045
0.58,-0.005542717,0.001128009,-0.002934302
0.6,-0.00530234,0.001130346,-0.003221702
0.62,-0.003584339,0.003801658,-0.003062778
0.64,-0.001600895,0.003968091,-0.005625008
0.66,0.00172609,0.00193658,-0.007514526
0.68,0.002332366,0.0005069159,-0.005232953
0.7000000000000001,0.001143243,0.002168037,-0.003940548
0.72,0.002268965,0.00425835,-0.00364403
0.74,-4.379257e-05,0.004754445,-0.002526806
0.76,-0.003698593,0.005496019,-0.003841213
0.78,-0.003449955,0.004465391,-0.002981432
0.8,-0.002801265,0.003392276,0.0001947782
0.8200000000000001,-0.002099906,0.004100708,0.00188465
0.84,-0.003708195,0.004188932,0.002485705
0.86,-0.005825918,0.00457263,-0.001706341
0.88,-0.00287442,0.004056741,-0.004168146
0.9,0.001479509,0.0002120221,0.0001119339
0.92,0.004361109,-0.002467139,0.003690546
0.9400000000000001,0.002790185,0.0009370704,0.003919164
0.96,-0.001056174,0.003658351,0.0006796515
0.98,-0.0006106838,-0.0004112217,-0.001364184
1.0,0.0003409792,-0.002992024,-0.0002572297
1.02,0.0007312338,-0.001291513,-0.0002228129
1.04,0.001146997,-0.00134241,-0.0005754222
1.06,0.0002714618,-0.00182284,-0.001335992
1.08,0.00109633,-0.0002584515,-0.001891758
1.1,0.001813036,0.001484745,-0.001758092
1.12,0.001896891,0.001390088,-0.001661854
1.1400000000000001,0.001718104,0.0001543881,-0.001876666
1.16,0.0003215976,0.0008066048,-0.003647153
1.18,0.001647779,0.001766885,-0.004097865
1.2,0.002920656,0.0006862133,-0.0009986928
1.22,0.00150491,0.001040573,0.002328166
1.24,0.0004647436,0.00236242,0.0007835059
1.26,-0.0009608317,0.002100131,-0.001553335
1.28,-0.0007403402,0.001343037,0.0002768717
1.3,0.0009189466,-0.0007668438,-0.0009533808
1.32,0.0008489379,-0.0009029228,-0.003877962
1.34,0.0009260437,0.001801718,-0.005293017
1.36,0.0009265639,0.0008536076,-0.008042041
1.3800000000000001,0.0009059695,-0.00151166,-0.007288778
1.4000000000000001,0.001963885,-0.001853036,-0.006160929
1.42,0.00245336,-0.001104209,-0.007587028
1.44,0.00238154,0.0008790712,-0.006755243
1.46,0.002009388,0.00120945,-0.006000284
1.48,0.001189891,0.0005180962,-0.003651537
1.5,-0.0001211965,0.000577907,7.694517e-05
1.52,-0.00100749,-0.001002906,-0.0009646892
1.54,-0.0003230233,-0.002274926,-0.001400545
1.56,-0.0003313549,-2.001696e-06,0.002917678
1.58,-0.0007514834,0.003051984,0.005660026
1.6,-0.0002882327,0.002475364,0.005376481
1.62,-0.0009101839,0.000598429,0.00548088
1.6400000000000001,-0.002352675,0.001402525,0.005139474
1.6600000000000001,-0.003326607,0.001770803,0.003415239
1.68,-0.001843562,0.0009635791,0.003359639
1.7,0.0005339477,0.001483362,0.00409518
1.72,-0.0005040732,0.001241962,0.002150891
1.74,-0.001607007,1.698869e-05,0.001453521
1.76,-0.002137097,-0.001424167,0.004098323
1.78,-0.002486891,-0.003574631,0.005249391
1.8,0.002528468,-0.003525419,0.00415273
1.82,0.00551393,-0.00031678,0.001021531
1.84,0.00169306,0.002788414,-0.004638819
1.86,0.0007662709,0.002448108,-0.006848929
1.8800000000000001,0.00111478,0.0003622945,-0.0001079364
1.9000000000000001,-0.0006117618,0.0003935903,0.009305605
1.92,-0.0004776677,-0.001648445,0.01219017
1.94,-0.0005931438,-0.00471858,0.0103946
1.96,-0.0006689476,-0.001055132,0.005741659
1.98,-0.0002554827,0.002503825,3.327487e-05
2.0,-0.0008452225,0.001743021,0.00133181
2.02,-4.892133e-05,0.003053048,0.003703797
2.04,0.001296459,0.001996747,0.0009928024
2.06,0.002544621,-0.001800949,0.000888517
2.08,0.002692925,-0.001191083,0.0001225833
2.1,0.001614697,-0.0004710589,-0.00274816
2.12,0.002279238,-0.001429144,-0.001000063
2.14,0.001495243,-0.0008338485,0.002488385
2.16,-4.619128e-05,-0.000779546,0.005279219
2.18,1.230777e-05,-0.0003179812,0.003134803
2.2,-0.001894326,0.0008246913,-0.001372346
2.22,-0.003240575,0.0003417691,0.001776512
2.24,-0.002280484,0.000149188,0.003284719
2.2600000000000002,-0.0009719837,0.0005151576,0.00157872
2.2800000000000002,-7.457376e-05,0.0002694608,0.00602017
2.3000000000000003,-0.000926921,0.0003057138,0.007974624
2.32,-0.001686666,0.0003850782,0.003856095
2.34,-0.001285929,0.0002753228,0.0006741154
2.36,0.001260895,0.0003331544,0.002360049
2.38,0.00488955,0.0003249286,0.004429571
2.4,0.003408996,-0.0002445258,0.001657578
2.42,-0.0001541296,-0.002358937,0.00126567
2.44,-0.0009808147,-0.004324215,0.002169068
2.46,-0.00238876,-0.002231723,-4.020425e-05
2.48,-0.004971449,0.0009889561,-0.001509004
2.5,-0.007825983,0.0004664706,-0.002456123
2.52,-0.007495664,-0.0001350275,0.0007581949
2.54,-0.002019842,0.0004719857,0.004175952
0.0,-0.0007403402,0.001343037,0.0002768717
0.02,0.0009189466,-0.0007668438,-0.0009533808
0.04,0.0008489379,-0.0009029228,-0.003877962
0.06,0.0009260437,0.001801718,-0.005293017
0.08,0.0009265639,0.0008536076,-0.008042041
0.1,0.0009059695,-0.00151166,-0.007288778
0.12,0.001963885,-0.001853036,-0.006160929
0.14,0.00245336,-0.001104209,-0.007587028
0.16,0.00238154,0.0008790712,-0.006755243
0.18,0.002009388,0.00120945,-0.006000284
0.2,0.001189891,0.0005180962,-0.003651537
0.22,-0.0001211965,0.000577907,7.694517e-05
0.24,-0.00100749,-0.001002906,-0.0009646892
0.26,-0.0003230233,-0.002274926,-0.001400545
0.28,-0.0003313549,-2.001696e-06,0.002917678
0.3,-0.0007514834,0.003051984,0.005660026
0.32,-0.0002882327,0.002475364,0.005376481
0.34,-0.0009101839,0.000598429,0.00548088
0.36,-0.002352675,0.001402525,0.005139474
0.38,-0.003326607,0.001770803,0.003415239
0.4,-0.001843562,0.0009635791,0.003359639
0.42,0.0005339477,0.001483362,0.00409518
0.44,-0.0005040732,0.001241962,0.002150891
0.46,-0.001607007,1.698869e-05,0.001453521
0.48,-0.002137097,-0.001424167,0.004098323
0.5,-0.002486891,-0.003574631,0.005249391
0.52,0.002528468,-0.003525419,0.00415273
0.54,0.00551393,-0.00031678,0.001021531
0.56,0.00169306,0.002788414,-0.004638819
0.58,0.0007662709,0.002448108,-0.006848929
0.6,0.00111478,0.0003622945,-0.0001079364
0.62,-0.0006117618,0.0003935903,0.009305605
0.64,-0.0004776677,-0.001648445,0.01219017
0.66,-0.0005931438,-0.00471858,0.0103946
0.68,-0.0006689476,-0.001055132,0.005741659
0.7000000000000001,-0.0002554827,0.002503825,3.327487e-05
0.72,-0.0008452225,0.001743021,0.00133181
0.74,-4.892133e-05,0.003053048,0.003703797
0.76,0.001296459,0.001996747,0.0009928024
0.78,0.002544621,-0.001800949,0.000888517
0.8,0.002692925,-0.001191083,0.0001225833
0.8200000000000001,0.001614697,-0.0004710589,-0.00274816
0.84,0.002279238,-0.001429144,-0.001000063
0.86,0.001495243,-0.0008338485,0.002488385
0.88,-4.619128e-05,-0.000779546,0.005279219
0.9,1.230777e-05,-0.0003179812,0.003134803
0.92,-0.001894326,0.0008246913,-0.001372346
0.9400000000000001,-0.003240575,0.0003417691,0.001776512
0.96,-0.002280484,0.000149188,0.003284719
0.98,-0.0009719837,0.0005151576,0.00157872
1.0,-7.457376e-05,0.0002694608,0.00602017
1.02,-0.000926921,0.0003057138,0.007974624
1.04,-0.001686666,0.0003850782,0.003856095
1.06,-0.001285929,0.0002753228,0.0006741154
1.08,0.001260895,0.0003331544,0.002360049
1.1,0.00488955,0.0003249286,0.004429571
1.12,0.003408996,-0.0002445258,0.001657578
1.1400000000000001,-0.0001541296,-0.002358937,0.00126567
1.16,-0.0009808147,-0.004324215,0.002169068
1.18,-0.00238876,-0.002231723,-4.020425e-05
1.2,-0.004971449,0.0009889561,-0.001509004
1.22,-0.007825983,0.0004664706,-0.002456123
1.24,-0.007495664,-0.0001350275,0.0007581949
1.26,-0.002019842,0.0004719857,0.004175952
1.28,0.002287541,-0.0007316974,-7.322713e-05
1.3,0.002904735,-0.001441256,-0.003637534
1.32,0.001829707,-0.001007159,-0.002379594
1.34,0.001614108,-0.00107571,-0.0004546163
1.36,0.00180201,-0.001259228,0.001210013
1.3800000000000001,0.0001194333,-0.002022457,0.001805176
1.4000000000000001,0.000417798,-0.00271748,0.001181462
1.42,-0.0002822921,-0.002557141,0.001063149
1.44,-0.005039433,-0.002148242,0.0009804442
1.46,-0.006216266,-0.001231836,-0.001810801
1.48,-0.001695607,0.0008932171,-0.004775591
1.5,0.003456886,0.002490721,-0.00410551
1.52,0.003056801,0.001491914,-0.0005966464
1.54,0.001805243,0.000484001,0.001116961
1.56,0.004774775,-0.0001074785,-0.004127057
1.58,0.004587083,-0.002581199,-0.007298694
1.6,0.004458186,-0.004294832,0.004003118
1.62,0.005866783,-0.002799273,0.0152953
1.6400000000000001,0.003629442,7.898362e-05,0.008848385
1.6600000000000001,0.0009322323,0.0009405223,-0.0009173073
1.68,-0.003954979,0.0001816332,-0.002607983
1.7,-0.006012342,0.0004089887,-0.005061079
1.72,-0.001116768,0.0004877248,-0.007559474
1.74,0.0003081339,0.0003523955,-0.009400319
1.76,-0.000502155,0.000877249,-0.009399366
1.78,0.001231861,0.002163673,-0.005042993
1.8,0.00268306,0.003837231,-0.004521241
1.82,0.002397422,0.002209185,-0.005153746
1.84,0.0007598927,-0.003452676,-0.005354584
1.86,0.001640538,-0.007361086,-0.007186456
1.8800000000000001,0.005400364,-0.003263008,-0.005085803
1.9000000000000001,0.007978294,0.003286194,-0.002639915
1.92,0.003757505,0.002181478,-0.0002588304
1.94,-0.003759646,1.659055e-05,-0.0005596719
1.96,-0.003452744,0.001428957,-0.003747838
1.98,-0.00277128,0.001969163,-0.0008235415
2.0,-0.006241958,0.003856672,0.001942199
2.02,-0.005451738,0.003599509,0.003634092
2.04,-0.002153237,0.000644955,0.004748334
2.06,0.003168599,0.0006086166,0.001540511
2.08,0.006114091,0.0003982323,0.0002736171
2.1,0.004176526,0.001107958,-0.002545279
2.12,0.005277406,0.003640914,-0.003775178
2.14,0.006097668,0.004585569,-0.001966688
2.16,0.005821679,0.002749256,-0.005117652
2.18,0.005477835,-0.0008448247,-0.003153826
2.2,0.0007191056,0.0003456058,0.0008941047
2.22,-0.003723946,0.001760644,0.0002745027
2.24,-0.005764924,-0.0001916319,0.002438675
2.2600000000000002,-0.005261351,0.001484962,0.004226077
2.2800000000000002,-0.00401318,0.0009907187,0.007029017
2.3000000000000003,-0.004777992,-0.0009670376,0.00716654
2.32,-0.001173556,0.001241747,0.001328918
2.34,0.002880312,0.001821279,0.0005891131
2.36,0.001245411,0.001834743,0.001038141
2.38,-0.0001936583,0.001955489,0.0004277022
2.4,-0.0002783681,-0.0003986457,-9.949067e-05
2.42,-0.0009913162,-0.003083478,-0.002568769
2.44,-0.002009982,-0.004117968,0.0002197854
2.46,-0.002336879,-0.002592055,0.001906967
2.48,-0.002023701,-0.001679578,-0.001943204
2.5,-0.001434895,-0.002439539,-0.004865514
2.52,-0.0004356654,-0.001931497,-0.004917023
2.54,-0.0008577432,1.51066e-05,-3.90184e-05
0.0,0.002287541,-0.0007316974,-7.322713e-05
0.02,0.002904735,-0.001441256,-0.003637534
0.04,0.001829707,-0.001007159,-0.002379594
0.06,0.001614108,-0.00107571,-0.0004546163
0.08,0.00180201,-0.001259228,0.001210013
0.1,0.0001194333,-0.002022457,0.001805176
0.12,0.000417798,-0.00271748,0.001181462
0.14,-0.0002822921,-0.002557141,0.001063149
0.16,-0.005039433,-0.002148242,0.0009804442
0.18,-0.006216266,-0.001231836,-0.001810801
0.2,-0.001695607,0.0008932171,-0.004775591
0.22,0.003456886,0.002490721,-0.00410551
0.24,0.003056801,0.001491914,-0.0005966464
0.26,0.001805243,0.000484001,0.001116961
0.28,0.004774775,-0.0001074785,-0.004127057
0.3,0.004587083,-0.002581199,-0.007298694
0.32,0.004458186,-0.004294832,0.004003118
0.34,0.005866783,-0.002799273,0.0152953
0.36,0.003629442,7.898362e-05,0.008848385
0.38,0.0009322323,0.0009405223,-0.0009173073
0.4,-0.003954979,0.0001816332,-0.002607983
0.42,-0.006012342,0.0004089887,-0.005061079
0.44,-0.001116768,0.0004877248,-0.007559474
0.46,0.0003081339,0.0003523955,-0.009400319
0.48,-0.000502155,0.000877249,-0.009399366
0.5,0.001231861,0.002163673,-0.005042993
0.52,0.00268306,0.003837231,-0.004521241
0.54,0.002397422,0.002209185,-0.005153746
0.56,0.0007598927,-0.003452676,-0.005354584
0.58,0.001640538,-0.007361086,-0.007186456
0.6,0.005400364,-0.003263008,-0.005085803
0.62,0.007978294,0.003286194,-0.002639915
0.64,0.003757505,0.002181478,-0.0002588304
0.66,-0.003759646,1.659055e-05,-0.0005596719
0.68,-0.003452744,0.001428957,-0.003747838
0.7000000000000001,-0.00277128,0.001969163,-0.0008235415
0.72,-0.006241958,0.003856672,0.001942199
0.74,-0.005451738,0.003599509,0.003634092
0.76,-0.002153237,0.000644955,0.004748334
0.78,0.003168599,0.0006086166,0.001540511
0.8,0.006114091,0.0003982323,0.0002736171
0.8200000000000001,0.004176526,0.001107958,-0.002545279
0.84,0.005277406,0.003640914,-0.003775178
0.86,0.006097668,0.004585569,-0.001966688
0.88,0.005821679,0.002749256,-0.005117652
0.9,0.005477835,-0.0008448247,-0.003153826
0.92,0.0007191056,0.0003456058,0.0008941047
0.9400000000000001,-0.003723946,0.001760644,0.0002745027
0.96,-0.005764924,-0.0001916319,0.002438675
0.98,-0.005261351,0.001484962,0.004226077
1.0,-0.00401318,0.0009907187,0.007029017
1.02,-0.004777992,-0.0009670376,0.00716654
1.04,-0.001173556,0.001241747,0.001328918
1.06,0.002880312,0.001821279,0.0005891131
1.08,0.001245411,0.001834743,0.001038141
1.1,-0.0001936583,0.001955489,0.0004277022
1.12,-0.0002783681,-0.0003986457,-9.949067e-05
1.1400000000000001,-0.0009913162,-0.003083478,-0.002568769
1.16,-0.002009982,-0.004117968,0.0002197854
1.18,-0.002336879,-0.002592055,0.001906967
1.2,-0.002023701,-0.001679578,-0.001943204
1.22,-0.001434895,-0.002439539,-0.004865514
1.24,-0.0004356654,-0.001931497,-0.004917023
1.26,-0.0008577432,1.51066e-05,-3.90184e-05
1.28,-0.001109884,0.002773506,0.002462856
1.3,-0.000616819,0.003884627,0.002765959
1.32,-0.001046911,0.002213125,0.005325715
1.34,-0.0008481959,0.001374988,0.003720858
1.36,-0.0006466688,0.002063969,0.002684725
1.3800000000000001,-0.000121617,0.001768352,0.001389513
1.4000000000000001,0.0008926941,0.0009864854,-0.003234684
1.42,0.0001522577,0.001380196,-0.001812929
1.44,-0.001830312,0.002871758,-0.0001323986
1.46,-0.004488091,0.00377235,-0.001517539
1.48,-0.005495154,0.00254341,0.0004597171
1.5,-0.002931603,0.0003147783,0.0003310509
1.52,-0.0004160719,-0.001678603,-0.0007910788
1.54,0.000373375,-0.002377195,0.0001113295
1.56,0.001483326,-0.00203777,-0.002320193
1.58,0.002336351,-0.002320499,-0.005010912
1.6,0.001830862,-0.0007112547,-0.004046127
1.62,0.001388908,0.001090296,-0.001106177
1.6400000000000001,-0.0002199333,-0.0008888005,0.001542496
1.6600000000000001,-0.004171157,-0.002479203,0.003328874
1.68,-0.006067422,-0.00251707,0.005779931
1.7,-0.004827389,-0.002753328,0.006540664
1.72,-0.004485549,-0.003193082,0.007667091
1.74,-0.004081525,-0.003908271,0.009442606
1.76,-0.001238359,-0.00202949,0.002855154
1.78,0.001031867,0.0006374125,-0.004053807
1.8,0.001585903,-0.0003855749,0.0003254043
1.82,0.002212548,-0.004436984,0.004352861
1.84,0.001958759,-0.008165548,0.002367313
1.86,0.0007512852,-0.008066318,0.003374687
1.8800000000000001,-0.0003740914,-0.006315804,0.005072126
1.9000000000000001,-0.001095159,-0.003317516,0.003159047
1.92,-0.0006761837,0.001922913,0.001223601
1.94,-0.0004787334,0.001136881,-0.001441799
1.96,-0.000870085,-0.002562452,-0.002420312
1.98,-0.0003864891,-0.001396695,-0.0001530308
2.0,0.0003073708,-0.002580633,0.00103391
2.02,0.0009285031,-0.003380277,0.003149863
2.04,0.001007712,-0.001422639,0.003504451
2.06,0.0005397344,-0.002327483,0.00195733
2.08,0.0009129214,0.00099607,0.003613925
2.1,0.0009359394,0.004822586,0.000450052
2.12,0.001020812,0.002123064,-0.003994532
2.14,0.002808899,-0.0007769567,2.074486e-05
2.16,0.003617587,-0.003318129,0.002367952
2.18,0.0007949734,-0.00364914,0.001787547
2.2,-0.003386764,-0.001910322,0.002965633
2.22,-0.004020685,-0.0008263289,-0.001308131
2.24,-0.001964093,0.001259869,-0.003515587
2.2600000000000002,0.0002314386,0.0003829783,0.0002954009
2.2800000000000002,0.003250487,-0.001628956,-0.001968806
2.3000000000000003,0.003064051,-0.0008125113,-0.0006990205
2.32,0.001670065,-0.001393952,0.004666397
2.34,0.004656654,-0.004121026,0.001615484
2.36,0.005561217,-0.005632781,0.0007371414
2.38,0.003006636,-0.002560766,-0.000118166
2.4,0.001982099,0.001889636,-0.005094567
2.42,0.002161667,0.00334347,-0.005991508
2.44,0.00278772,0.003896201,-0.006393141
2.46,0.001952229,0.00303246,-0.005649952
2.48,-0.0005014391,0.001465583,-0.004013238
2.5,-0.004997476,0.0006445026,-0.002391145
2.52,-0.008287412,-8.511364e-05,-0.0008330913
2.54,-0.002903315,-0.001394366,-0.001837978
0.0,-0.001109884,0.002773506,0.002462856
0.02,-0.000616819,0.003884627,0.002765959
0.04,-0.001046911,0.002213125,0.005325715
0.06,-0.0008481959,0.001374988,0.003720858
0.08,-0.0006466688,0.002063969,0.002684725
0.1,-0.000121617,0.001768352,0.001389513
0.12,0.0008926941,0.0009864854,-0.003234684
0.14,0.0001522577,0.001380196,-0.001812929
0.16,-0.001830312,0.002871758,-0.0001323986
0.18,-0.004488091,0.00377235,-0.001517539
0.2,-0.005495154,0.00254341,0.0004597171
0.22,-0.002931603,0.0003147783,0.0003310509
0.24,-0.0004160719,-0.001678603,-0.0007910788
0.26,0.000373375,-0.002377195,0.0001113295
0.28,0.001483326,-0.00203777,-0.002320193
0.3,0.002336351,-0.002320499,-0.005010912
0.32,0.001830862,-0.0007112547,-0.004046127
0.34,0.001388908,0.001090296,-0.001106177
0.36,-0.0002199333,-0.0008888005,0.001542496
0.38,-0.004171157,-0.002479203,0.003328874
0.4,-0.006067422,-0.00251707,0.005779931
0.42,-0.004827389,-0.002753328,0.006540664
0.44,-0.004485549,-0.003193082,0.007667091
0.46,-0.004081525,-0.003908271,0.009442606
0.48,-0.001238359,-0.00202949,0.002855154
0.5,0.001031867,0.0006374125,-0.004053807
0.52,0.001585903,-0.0003855749,0.0003254043
0.54,0.002212548,-0.004436984,0.004352861
0.56,0.001958759,-0.008165548,0.002367313
0.58,0.0007512852,-0.008066318,0.003374687
0.6,-0.0003740914,-0.006315804,0.005072126
0.62,-0.001095159,-0.003317516,0.003159047
0.64,-0.0006761837,0.001922913,0.001223601
0.66,-0.0004787334,0.001136881,-0.001441799
0.68,-0.000870085,-0.002562452,-0.002420312
0.7000000000000001,-0.0003864891,-0.001396695,-0.0001530308
0.72,0.0003073708,-0.002580633,0.00103391
0.74,0.0009285031,-0.003380277,0.003149863
0.76,0.001007712,-0.001422639,0.003504451
0.78,0.0005397344,-0.002327483,0.00195733
0.8,0.0009129214,0.00099607,0.003613925
0.8200000000000001,0.0009359394,0.004822586,0.000450052
0.84,0.001020812,0.002123064,-0.003994532
0.86,0.002808899,-0.0007769567,2.074486e-05
0.88,0.003617587,-0.003318129,0.002367952
0.9,0.0007949734,-0.00364914,0.001787547
0.92,-0.003386764,-0.001910322,0.002965633
0.9400000000000001,-0.004020685,-0.0008263289,-0.001308131
0.96,-0.001964093,0.001259869,-0.003515587
0.98,0.0002314386,0.0003829783,0.0002954009
1.0,0.003250487,-0.001628956,-0.001968806
1.02,0.003064051,-0.0008125113,-0.0006990205
1.04,0.001670065,-0.001393952,0.004666397
1.06,0.004656654,-0.004121026,0.001615484
1.08,0.005561217,-0.005632781,0.0007371414
1.1,0.003006636,-0.002560766,-0.000118166
1.12,0.001982099,0.001889636,-0.005094567
1.1400000000000001,0.002161667,0.00334347,-0.005991508
1.16,0.00278772,0.003896201,-0.006393141
1.18,0.001952229,0.00303246,-0.005649952
1.2,-0.0005014391,0.001465583,-0.004013238
1.22,-0.004997476,0.0006445026,-0.002391145
1.24,-0.008287412,-8.511364e-05,-0.0008330913
1.26,-0.002903315,-0.001394366,-0.001837978
1.28,0.001994399,-0.006964422,-0.0003015934
1.3,-0.0005371217,-0.01082866,2.138323e-05
1.32,-6.096694e-05,-0.007559023,-0.0006210767
1.34,0.002941723,-0.003839364,0.001427677
1.36,0.002502869,-0.001063071,-0.0003221871
1.3800000000000001,0.001760827,-0.001000298,-0.0002971835
1.4000000000000001,0.000838951,-0.002656627,0.005043133
1.42,-0.001041028,-0.0006700563,0.008356729
1.44,-0.0006493972,-0.0004767478,0.00474716
1.46,0.0003190997,-0.001789113,0.0002208839
1.48,0.0001446503,-0.0007420901,0.006487415
1.5,0.001244313,-0.001656877,0.01623162
1.52,0.001316073,-0.002201294,0.01880743
1.54,0.0006506528,-0.001097852,0.01247068
1.56,0.002128648,-0.001731185,0.003810902
1.58,0.002638077,-0.001698875,0.005537926
1.6,0.002207104,-0.001242802,0.0037571
1.62,0.002382432,-0.001703114,-0.007024045
1.6400000000000001,0.002069259,-0.001205688,-0.007267495
1.6600000000000001,0.00147385,-0.0004684969,-0.003640806
1.68,0.001335227,-0.00022568,-0.0009937031
1.7,0.004310261,-0.001528229,0.004034961
1.72,0.007659421,-0.003366071,0.002878734
1.74,0.005052809,-0.001918702,0.002462348
1.76,0.0003574138,-0.0004790044,0.004262337
1.78,-0.00120004,-0.001538862,0.002577182
1.8,-0.0007802319,-0.000979418,0.003186746
1.82,-0.0001879581,0.0008842296,0.002959853
1.84,-0.0006672544,0.00195422,-1.411399e-05
1.86,-0.0008401127,0.001948386,-0.001599528
1.8800000000000001,0.0003915358,0.0007900298,-0.001176783
1.9000000000000001,0.002770502,-0.0008691666,0.001180533
1.92,0.005923598,-0.003047693,0.002001727
1.94,0.005511653,-0.002820996,0.001498253
1.96,0.003433991,-0.0004620982,0.001203835
1.98,0.003588085,-0.0001105986,-0.0003991753
2.0,0.001664872,0.0004192883,-0.001712544
2.02,0.0008418781,5.019172e-05,-0.001962839
2.04,0.001201411,-0.001706917,-0.002823807
2.06,-0.001845,-0.0002792795,-0.004756739
2.08,-0.001233003,0.001269576,-0.004508152
2.1,0.000486444,0.001897182,-0.002602618
2.12,0.000446915,0.001708577,-0.00353729
2.14,0.004441735,-0.0001846362,-0.005611201
2.16,0.005450282,0.0005200582,-0.007673899
2.18,0.00280591,0.0001332519,-0.008004088
2.2,0.002251227,-0.002592448,-0.007296128
2.22,0.001425995,-0.002973909,-0.009938709
2.24,0.001457599,-0.002870846,-0.009021633
2.2600000000000002,0.001107379,-5.242733e-05,-0.003461777
2.2800000000000002,-0.0002961056,0.003304056,0.0005125441
2.3000000000000003,0.0004726109,0.0005727112,0.00298729
2.32,0.001322675,-0.001152666,0.001304561
2.34,0.001446933,0.003346489,-0.001397089
2.36,0.0008678065,0.00651313,-0.00216854
2.38,-0.0005412217,0.004628817,-0.0038321
2.4,-0.0008538961,0.002676946,-0.00458835
2.42,-0.001299022,0.002259876,-0.005273871
2.44,-0.001533637,0.001985743,-0.005906167
2.46,0.0003144824,0.002185625,-0.003809728
2.48,0.002911715,0.0006248538,0.0006226632
2.5,0.004132247,-0.001257634,0.001939447
2.52,0.0006676869,-3.097369e-05,0.000294524
2.54,-0.004319627,0.001675776,0.002748666
0.0,0.001994399,-0.006964422,-0.0003015934
0.02,-0.0005371217,-0.01082866,2.138323e-05
0.04,-6.096694e-05,-0.007559023,-0.0006210767
0.06,0.002941723,-0.003839364,0.001427677
0.08,0.002502869,-0.001063071,-0.0003221871
0.1,0.001760827,-0.001000298,-0.0002971835
0.12,0.000838951,-0.002656627,0.005043133
0.14,-0.001041028,-0.0006700563,0.008356729
0.16,-0.0006493972,-0.0004767478,0.00474716
0.18,0.0003190997,-0.001789113,0.0002208839
0.2,0.0001446503,-0.0007420901,0.006487415
0.22,0.001244313,-0.001656877,0.01623162
0.24,0.001316073,-0.002201294,0.01880743
0.26,0.0006506528,-0.001097852,0.01247068
0.28,0.002128648,-0.001731185,0.003810902
0.3,0.002638077,-0.001698875,0.005537926
0.32,0.002207104,-0.001242802,0.0037571
0.34,0.002382432,-0.001703114,-0.007024045
0.36,0.002069259,-0.001205688,-0.007267495
0.38,0.00147385,-0.0004684969,-0.003640806
0.4,0.001335227,-0.00022568,-0.0009937031
0.42,0.004310261,-0.001528229,0.004034961
0.44,0.007659421,-0.003366071,0.002878734
0.46,0.005052809,-0.001918702,0.002462348
0.48,0.0003574138,-0.0004790044,0.004262337
0.5,-0.00120004,-0.001538862,0.002577182
0.52,-0.0007802319,-0.000979418,0.003186746
0.54,-0.0001879581,0.0008842296,0.002959853
0.56,-0.0006672544,0.00195422,-1.411399e-05
0.58,-0.0008401127,0.001948386,-0.001599528
0.6,0.0003915358,0.0007900298,-0.001176783
0.62,0.002770502,-0.0008691666,0.001180533
0.64,0.005923598,-0.003047693,0.002001727
0.66,0.005511653,-0.002820996,0.001498253
0.68,0.003433991,-0.0004620982,0.001203835
0.7000000000000001,0.003588085,-0.0001105986,-0.0003991753
0.72,0.001664872,0.0004192883,-0.001712544
0.74,0.0008418781,5.019172e-05,-0.001962839
0.76,0.001201411,-0.001706917,-0.002823807
0.78,-0.001845,-0.0002792795,-0.004756739
0.8,-0.001233003,0.001269576,-0.004508152
0.8200000000000001,0.000486444,0.001897182,-0.002602618
0.84,0.000446915,0.001708577,-0.00353729
0.86,0.004441735,-0.0001846362,-0.005611201
0.88,0.005450282,0.0005200582,-0.007673899
0.9,0.00280591,0.0001332519,-0.008004088
0.92,0.002251227,-0.002592448,-0.007296128
0.9400000000000001,0.001425995,-0.002973909,-0.009938709
0.96,0.001457599,-0.002870846,-0.009021633
0.98,0.001107379,-5.242733e-05,-0.003461777
1.0,-0.0002961056,0.003304056,0.0005125441
1.02,0.0004726109,0.0005727112,0.00298729
1.04,0.001322675,-0.001152666,0.001304561
1.06,0.001446933,0.003346489,-0.001397089
1.08,0.0008678065,0.00651313,-0.00216854
1.1,-0.0005412217,0.004628817,-0.0038321
1.12,-0.0008538961,0.002676946,-0.00458835
1.1400000000000001,-0.001299022,0.002259876,-0.005273871
1.16,-0.001533637,0.001985743,-0.005906167
1.18,0.0003144824,0.002185625,-0.003809728
1.2,0.002911715,0.0006248538,0.0006226632
1.22,0.004132247,-0.001257634,0.001939447
1.24,0.0006676869,-3.097369e-05,0.000294524
1.26,-0.004319627,0.001675776,0.002748666
1.28,-0.004715995,0.002609077,0.001560894
1.3,-0.006435451,0.003213952,-0.001275368
1.32,-0.009166207,0.004662687,0.001866692
1.34,-0.004091646,0.006906961,0.0001870049
1.36,0.0005101886,0.00432874,-0.0004643077
1.3800000000000001,-0.001856315,0.0006401746,0.002303839
1.4000000000000001,-0.001548573,0.001273905,0.0001091923
1.42,0.003443228,-0.003204665,-0.002854829
1.44,0.006245258,-0.008813887,-0.006952859
1.46,0.004260965,-0.0015557,-0.006447285
1.48,0.001056436,0.005784805,-0.004765295
1.5,0.0008443525,0.001608116,-0.007917194
1.52,0.002089442,-0.0008901299,-0.004130591
1.54,0.002380411,0.0002937346,0.0008353058
1.56,0.001455183,-0.00101074,0.001787465
1.58,-0.0004061355,0.0003822637,0.001460703
1.6,-0.0007749379,0.001837727,-6.795142e-06
1.62,-0.0001951535,0.001136843,0.005039583
1.6400000000000001,-0.0003849374,0.002685931,0.009166557
1.6600000000000001,0.0004308072,0.002052853,0.007077868
1.68,0.001968555,-0.000692648,0.006929345
1.7,0.004660735,-0.003377763,0.007150088
1.72,0.008328051,-0.006065251,0.004787851
1.74,0.008034728,-0.004246374,0.001551532
1.76,0.00410703,-0.001337235,-0.0004712213
1.78,0.0008146869,0.0003476261,-0.002238469
1.8,-0.001507893,0.001063589,-0.0008520476
1.82,-0.002449138,-0.002478769,0.004437392
1.84,-0.001491621,-0.004337095,0.00454998
1.86,-3.859563e-05,-0.002421204,0.004277079
1.8800000000000001,0.001546812,-0.001765584,0.00791327
1.9000000000000001,0.002880164,-0.001421383,0.006663385
1.92,0.003313603,0.0013308,0.004896289
1.94,0.001961827,0.005509387,0.00604439
1.96,-0.0009757399,0.005154252,0.004479546
1.98,-0.001036415,0.001641418,0.003379756
2.0,0.0008512875,-0.00046162,0.004415079
2.02,0.0006618018,-0.004146188,0.005784472
2.04,0.0007380012,-0.006069125,0.007942566
2.06,0.0005746053,-0.003964403,0.005060813
2.08,-0.0004639036,-0.001346416,-0.00108313
2.1,-0.0009457927,0.001436352,-0.0004068647
2.12,-0.001915688,0.001068662,0.004170696
2.14,-0.002254474,-0.0003636983,0.006913138
2.16,-0.001520374,0.0007828833,0.005111109
2.18,0.001325069,-0.0002526062,0.001649743
2.2,0.004254276,-0.002111953,0.003635408
2.22,0.001765315,-0.003623251,0.003703773
2.24,-0.0007565067,-0.007605703,0.0004787867
2.2600000000000002,0.001142761,-0.008164059,0.0009191932
2.2800000000000002,0.002682758,-0.003286226,0.002109079
2.3000000000000003,0.003348439,0.0006073967,0.004629342
2.32,0.003306704,0.001193021,0.005006982
2.34,0.001134336,-0.0004915385,0.00165711
2.36,-0.0001378647,-0.003201502,0.0006323511
2.38,0.0005060465,-0.005751337,-0.0005389541
2.4,0.0005370273,-0.005688124,-0.001897377
2.42,0.0003123591,-0.003586158,-0.003589194
2.44,0.0004022978,-0.002555941,-0.004400401
2.46,-0.0001622325,-0.0009063534,0.0007616271
2.48,-0.002304847,-0.002497807,0.006088358
2.5,-0.004511131,-0.006485841,0.007014631
2.52,-0.003232214,-0.003065364,0.002549628
2.54,-0.001215265,-0.000536913,-0.002334281
0.0,-0.004715995,0.002609077,0.001560894
0.02,-0.006435451,0.003213952,-0.001275368
0.04,-0.009166207,0.004662687,0.001866692
0.06,-0.004091646,0.006906961,0.0001870049
0.08,0.0005101886,0.00432874,-0.0004643077
0.1,-0.001856315,0.0006401746,0.002303839
0.12,-0.001548573,0.001273905,0.0001091923
0.14,0.003443228,-0.003204665,-0.002854829
0.16,0.006245258,-0.008813887,-0.006952859
0.18,0.004260965,-0.0015557,-0.006447285
0.2,0.001056436,0.005784805,-0.004765295
0.22,0.0008443525,0.001608116,-0.007917194
0.24,0.002089442,-0.0008901299,-0.004130591
0.26,0.002380411,0.0002937346,0.0008353058
0.28,0.001455183,-0.00101074,0.001787465
0.3,-0.0004061355,0.0003822637,0.001460703
0.32,-0.0007749379,0.001837727,-6.795142e-06
0.34,-0.0001951535,0.001136843,0.005039583
0.36,-0.0003849374,0.002685931,0.009166557
0.38,0.0004308072,0.002052853,0.007077868
0.4,0.001968555,-0.000692648,0.006929345
0.42,0.004660735,-0.003377763,0.007150088
0.44,0.008328051,-0.006065251,0.004787851
0.46,0.008034728,-0.004246374,0.001551532
0.48,0.00410703,-0.001337235,-0.0004712213
0.5,0.0008146869,0.0003476261,-0.002238469
0.52,-0.001507893,0.001063589,-0.0008520476
0.54,-0.002449138,-0.002478769,0.004437392
0.56,-0.001491621,-0.004337095,0.00454998
0.58,-3.859563e-05,-0.002421204,0.004277079
0.6,0.001546812,-0.001765584,0.00791327
0.62,0.002880164,-0.001421383,0.006663385
0.64,0.003313603,0.0013308,0.004896289
0.66,0.001961827,0.005509387,0.00604439
0.68,-0.0009757399,0.005154252,0.004479546
0.7000000000000001,-0.001036415,0.001641418,0.003379756
0.72,0.0008512875,-0.00046162,0.004415079
0.74,0.0006618018,-0.004146188,0.005784472
0.76,0.0007380012,-0.006069125,0.007942566
0.78,0.0005746053,-0.003964403,0.005060813
0.8,-0.0004639036,-0.001346416,-0.00108313
0.8200000000000001,-0.0009457927,0.001436352,-0.0004068647
0.84,-0.001915688,0.001068662,0.004170696
0.86,-0.002254474,-0.0003636983,0.006913138
0.88,-0.001520374,0.0007828833,0.005111109
0.9,0.001325069,-0.0002526062,0.001649743
0.92,0.004254276,-0.002111953,0.003635408
0.9400000000000001,0.001765315,-0.003623251,0.003703773
0.96,-0.0007565067,-0.007605703,0.0004787867
0.98,0.001142761,-0.008164059,0.0009191932
1.0,0.002682758,-0.003286226,0.002109079
1.02,0.003348439,0.0006073967,0.004629342
1.04,0.003306704,0.001193021,0.005006982
1.06,0.001134336,-0.0004915385,0.00165711
1.08,-0.0001378647,-0.003201502,0.0006323511
1.1,0.0005060465,-0.005751337,-0.0005389541
1.12,0.0005370273,-0.005688124,-0.001897377
1.1400000000000001,0.0003123591,-0.003586158,-0.003589194
1.16,0.0004022978,-0.002555941,-0.004400401
1.18,-0.0001622325,-0.0009063534,0.0007616271
1.2,-0.002304847,-0.002497807,0.006088358
1.22,-0.004511131,-0.006485841,0.007014631
1.24,-0.003232214,-0.003065364,0.002549628
1.26,-0.001215265,-0.000536913,-0.002334281
1.28,-0.0009374971,-0.00280095,-0.001166565
1.3,0.0005633448,-0.001038687,-0.004664772
1.32,0.0008748588,-0.0004385643,-0.009940156
1.34,-0.0007519334,-0.002746285,-0.002510749
1.36,-0.00133278,-0.003413903,0.005167699
1.3800000000000001,-0.002839857,-0.001876262,0.002373966
1.4000000000000001,-0.002842278,0.000474535,0.002285233
1.42,-2.233551e-05,-0.0005045165,0.00953898
1.44,0.0004667629,-0.00160366,0.0127036
1.46,0.000176206,-0.00255095,0.007736874
1.48,-6.980287e-05,-0.005144228,0.002738649
1.5,-0.002020427,-0.001723153,0.004194754
1.52,-0.003767205,0.004034215,0.004822472
1.54,-0.004231401,0.003318996,0.002492798
1.56,-0.001460324,-0.001717147,0.00694819
1.58,0.002274117,-0.006054583,0.008978119
1.6,0.003517186,-0.004631303,0.003552363
1.62,0.003222444,-0.00127592,0.0008265295
1.6400000000000001,0.002439455,-0.001496574,-0.002260887
1.6600000000000001,0.002805584,-0.0002169096,-0.003621616
1.68,0.001384517,0.002268992,-0.002777557
1.7,-0.001178462,0.00240783,-0.003039262
1.72,-0.001423224,0.0004699729,0.0006838031
1.74,-0.002521571,-0.00236849,0.0007946247
1.76,-0.001366147,-0.0007204399,-0.002135077
1.78,0.001378203,0.001357375,-0.001740471
1.8,9.028233e-05,2.232682e-05,-0.002289903
1.82,-0.0003093519,0.002843982,0.002304588
1.84,0.0006768451,0.005099651,0.007574478
1.86,-0.0001877392,0.001374685,0.003605387
1.8800000000000001,-0.0009591942,-0.00170602,-0.001664445
1.9000000000000001,-0.002154902,-0.001094176,-0.003293865
1.92,-0.003130893,0.001434169,-0.0007685661
1.94,-0.002418679,0.002999631,0.002003745
1.96,-0.002232324,0.003504563,-0.001938902
1.98,-0.00192933,0.003431946,-0.00657413
2.0,-0.0007301652,0.003975331,-0.005671142
2.02,-0.0009072451,0.0061381,-0.002863833
2.04,-0.0005751809,0.005603519,-0.0002160997
2.06,0.001107087,0.002265233,0.001079415
2.08,0.002059682,-0.0001942553,1.972871e-05
2.1,0.002929774,0.0008740232,-0.001736311
2.12,0.001697986,0.002787257,-0.003893113
2.14,-0.001311383,-0.0001236347,-0.003184855
2.16,-0.0024855,-0.001813301,5.788655e-05
2.18,-0.004089156,-0.0001182298,0.001168526
2.2,-0.00456032,0.0001880951,0.001308947
2.22,-0.002200032,0.001848697,-0.002934148
2.24,-0.002323439,0.003433478,-0.007833583
2.2600000000000002,-0.003175065,0.003378941,-0.006701339
2.2800000000000002,-0.003831941,0.003541598,-0.006467816
2.3000000000000003,-0.004285709,0.003216636,-0.004738837
2.32,0.003566476,0.003251988,-0.00295561
2.34,0.0116533,0.002563364,-0.002868109
2.36,0.006936702,0.001189053,0.002001968
2.38,0.0006443432,0.0002278484,-0.0003558967
2.4,8.94747e-05,-0.001062345,-0.004627197
2.42,-0.004085521,0.0002754049,-0.0003396818
2.44,-0.008486322,0.004128086,0.0003116603
2.46,-0.006373553,0.006320018,0.001190846
2.48,-0.005598566,0.006184192,0.001439042
2.5,-0.005587661,0.004608565,-0.001871414
2.52,-0.0009516816,0.002372476,-0.001092024
2.54,0.001385434,0.0004539022,-0.002346111
